{
  "credit": "Saylie Otsuuuu!!!",
  "texture_size": [
    32,
    32
  ],
  "elements": [
    {
      "from": [
        4,
        6,
        7
      ],
      "to": [
        8,
        6.5,
        9
      ],
      "rotation": {
        "angle": 0,
        "axis": "y",
        "origin": [
          0,
          5,
          0
        ]
      },
      "faces": {
        "north": {
          "uv": [
            9.5,
            7,
            11.5,
            7.5
          ],
          "texture": "#0"
        },
        "east": {
          "uv": [
            12,
            3,
            13,
            3.5
          ],
          "texture": "#0"
        },
        "south": {
          "uv": [
            9.5,
            7.5,
            11.5,
            8
          ],
          "texture": "#0"
        },
        "west": {
          "uv": [
            12,
            3.5,
            13,
            4
          ],
          "texture": "#0"
        },
        "up": {
          "uv": [
            3.5,
            9.5,
            1.5,
            8.5
          ],
          "texture": "#0"
        },
        "down": {
          "uv": [
            10.5,
            6,
            8.5,
            7
          ],
          "texture": "#0"
        }
      }
    },
    {
      "from": [
        3.5,
        6.5,
        7
      ],
      "to": [
        4,
        10.5,
        9
      ],
      "rotation": {
        "angle": 0,
        "axis": "y",
        "origin": [
          0,
          5,
          0
        ]
      },
      "faces": {
        "north": {
          "uv": [
            10,
            4,
            10.5,
            6
          ],
          "texture": "#0"
        },
        "east": {
          "uv": [
            8.5,
            7,
            9.5,
            9
          ],
          "texture": "#0"
        },
        "south": {
          "uv": [
            9.5,
            10,
            10,
            12
          ],
          "texture": "#0"
        },
        "west": {
          "uv": [
            9,
            0,
            10,
            2
          ],
          "texture": "#0"
        },
        "up": {
          "uv": [
            11.5,
            2,
            11,
            1
          ],
          "texture": "#0"
        },
        "down": {
          "uv": [
            13,
            1.5,
            12.5,
            2.5
          ],
          "texture": "#0"
        }
      }
    },
    {
      "from": [
        8,
        6.5,
        7
      ],
      "to": [
        8.5,
        10.5,
        9
      ],
      "rotation": {
        "angle": 0,
        "axis": "y",
        "origin": [
          0,
          5,
          0
        ]
      },
      "faces": {
        "north": {
          "uv": [
            10,
            10,
            10.5,
            12
          ],
          "texture": "#0"
        },
        "east": {
          "uv": [
            9,
            2,
            10,
            4
          ],
          "texture": "#0"
        },
        "south": {
          "uv": [
            10.5,
            0,
            11,
            2
          ],
          "texture": "#0"
        },
        "west": {
          "uv": [
            9,
            4,
            10,
            6
          ],
          "texture": "#0"
        },
        "up": {
          "uv": [
            4,
            13.5,
            3.5,
            12.5
          ],
          "texture": "#0"
        },
        "down": {
          "uv": [
            8,
            12.5,
            7.5,
            13.5
          ],
          "texture": "#0"
        }
      }
    },
    {
      "from": [
        4,
        10.5,
        7
      ],
      "to": [
        8,
        11,
        9
      ],
      "rotation": {
        "angle": 0,
        "axis": "y",
        "origin": [
          0,
          5,
          0
        ]
      },
      "faces": {
        "north": {
          "uv": [
            9.5,
            8,
            11.5,
            8.5
          ],
          "texture": "#0"
        },
        "east": {
          "uv": [
            12.5,
            2.5,
            13.5,
            3
          ],
          "texture": "#0"
        },
        "south": {
          "uv": [
            9.5,
            8.5,
            11.5,
            9
          ],
          "texture": "#0"
        },
        "west": {
          "uv": [
            10.5,
            12.5,
            11.5,
            13
          ],
          "texture": "#0"
        },
        "up": {
          "uv": [
            10.5,
            10,
            8.5,
            9
          ],
          "texture": "#0"
        },
        "down": {
          "uv": [
            3.5,
            9.5,
            1.5,
            10.5
          ],
          "texture": "#0"
        }
      }
    },
    {
      "from": [
        5,
        11,
        7
      ],
      "to": [
        7,
        19,
        9
      ],
      "rotation": {
        "angle": 0,
        "axis": "y",
        "origin": [
          0,
          5,
          0
        ]
      },
      "faces": {
        "north": {
          "uv": [
            4,
            0,
            5,
            4
          ],
          "texture": "#0"
        },
        "east": {
          "uv": [
            4,
            4,
            5,
            8
          ],
          "texture": "#0"
        },
        "south": {
          "uv": [
            0,
            4.5,
            1,
            8.5
          ],
          "texture": "#0"
        },
        "west": {
          "uv": [
            1,
            4.5,
            2,
            8.5
          ],
          "texture": "#0"
        },
        "up": {
          "uv": [
            2.5,
            11.5,
            1.5,
            10.5
          ],
          "texture": "#0"
        },
        "down": {
          "uv": [
            11.5,
            2,
            10.5,
            3
          ],
          "texture": "#0"
        }
      }
    },
    {
      "from": [
        -6,
        18,
        7
      ],
      "to": [
        0,
        20,
        9
      ],
      "rotation": {
        "angle": -22.5,
        "axis": "z",
        "origin": [
          0,
          5,
          0
        ]
      },
      "faces": {
        "north": {
          "uv": [
            5,
            0,
            8,
            1
          ],
          "texture": "#0"
        },
        "east": {
          "uv": [
            2.5,
            10.5,
            3.5,
            11.5
          ],
          "texture": "#0"
        },
        "south": {
          "uv": [
            5,
            1,
            8,
            2
          ],
          "texture": "#0"
        },
        "west": {
          "uv": [
            10.5,
            3,
            11.5,
            4
          ],
          "texture": "#0"
        },
        "up": {
          "uv": [
            8,
            3,
            5,
            2
          ],
          "texture": "#0"
        },
        "down": {
          "uv": [
            8,
            3,
            5,
            4
          ],
          "texture": "#0"
        }
      }
    },
    {
      "from": [
        11,
        13.5,
        7
      ],
      "to": [
        17,
        15.5,
        9
      ],
      "rotation": {
        "angle": 22.5,
        "axis": "z",
        "origin": [
          0,
          5,
          0
        ]
      },
      "faces": {
        "north": {
          "uv": [
            5,
            4,
            8,
            5
          ],
          "texture": "#0"
        },
        "east": {
          "uv": [
            10.5,
            4,
            11.5,
            5
          ],
          "texture": "#0"
        },
        "south": {
          "uv": [
            5,
            5,
            8,
            6
          ],
          "texture": "#0"
        },
        "west": {
          "uv": [
            10.5,
            5,
            11.5,
            6
          ],
          "texture": "#0"
        },
        "up": {
          "uv": [
            8,
            7,
            5,
            6
          ],
          "texture": "#0"
        },
        "down": {
          "uv": [
            8,
            7,
            5,
            8
          ],
          "texture": "#0"
        }
      }
    },
    {
      "from": [
        5,
        19,
        7.75
      ],
      "to": [
        7,
        25,
        8.25
      ],
      "rotation": {
        "angle": 0,
        "axis": "y",
        "origin": [
          0,
          5,
          0
        ]
      },
      "faces": {
        "north": {
          "uv": [
            8,
            0,
            9,
            3
          ],
          "texture": "#0"
        },
        "east": {
          "uv": [
            8.5,
            10,
            9,
            13
          ],
          "texture": "#0"
        },
        "south": {
          "uv": [
            8,
            3,
            9,
            6
          ],
          "texture": "#0"
        },
        "west": {
          "uv": [
            9,
            10,
            9.5,
            13
          ],
          "texture": "#0"
        },
        "up": {
          "uv": [
            13.5,
            12.5,
            12.5,
            12
          ],
          "texture": "#0"
        },
        "down": {
          "uv": [
            13.5,
            12.5,
            12.5,
            13
          ],
          "texture": "#0"
        }
      }
    },
    {
      "from": [
        3,
        19,
        7.75
      ],
      "to": [
        5,
        27,
        8.25
      ],
      "rotation": {
        "angle": 0,
        "axis": "y",
        "origin": [
          0,
          5,
          0
        ]
      },
      "faces": {
        "north": {
          "uv": [
            2,
            4.5,
            3,
            8.5
          ],
          "texture": "#0"
        },
        "east": {
          "uv": [
            3.5,
            8.5,
            4,
            12.5
          ],
          "texture": "#0"
        },
        "south": {
          "uv": [
            3,
            4.5,
            4,
            8.5
          ],
          "texture": "#0"
        },
        "west": {
          "uv": [
            10,
            0,
            10.5,
            4
          ],
          "texture": "#0"
        },
        "up": {
          "uv": [
            1,
            13.5,
            0,
            13
          ],
          "texture": "#0"
        },
        "down": {
          "uv": [
            14,
            0,
            13,
            0.5
          ],
          "texture": "#0"
        }
      }
    },
    {
      "from": [
        1,
        19,
        7.75
      ],
      "to": [
        3,
        28,
        8.25
      ],
      "rotation": {
        "angle": 0,
        "axis": "y",
        "origin": [
          0,
          5,
          0
        ]
      },
      "faces": {
        "north": {
          "uv": [
            0,
            0,
            1,
            4.5
          ],
          "texture": "#0"
        },
        "east": {
          "uv": [
            7.5,
            8,
            8,
            12.5
          ],
          "texture": "#0"
        },
        "south": {
          "uv": [
            1,
            0,
            2,
            4.5
          ],
          "texture": "#0"
        },
        "west": {
          "uv": [
            0,
            8.5,
            0.5,
            13
          ],
          "texture": "#0"
        },
        "up": {
          "uv": [
            14,
            1,
            13,
            0.5
          ],
          "texture": "#0"
        },
        "down": {
          "uv": [
            2,
            13,
            1,
            13.5
          ],
          "texture": "#0"
        }
      }
    },
    {
      "from": [
        7,
        19,
        7.75
      ],
      "to": [
        9,
        28,
        8.25
      ],
      "rotation": {
        "angle": 0,
        "axis": "y",
        "origin": [
          0,
          5,
          0
        ]
      },
      "faces": {
        "north": {
          "uv": [
            2,
            0,
            3,
            4.5
          ],
          "texture": "#0"
        },
        "east": {
          "uv": [
            0.5,
            8.5,
            1,
            13
          ],
          "texture": "#0"
        },
        "south": {
          "uv": [
            3,
            0,
            4,
            4.5
          ],
          "texture": "#0"
        },
        "west": {
          "uv": [
            1,
            8.5,
            1.5,
            13
          ],
          "texture": "#0"
        },
        "up": {
          "uv": [
            14,
            1.5,
            13,
            1
          ],
          "texture": "#0"
        },
        "down": {
          "uv": [
            14,
            1.5,
            13,
            2
          ],
          "texture": "#0"
        }
      }
    },
    {
      "from": [
        21.75,
        13.75,
        7.75
      ],
      "to": [
        23.75,
        15.75,
        8.25
      ],
      "rotation": {
        "angle": 45,
        "axis": "z",
        "origin": [
          0,
          5,
          0
        ]
      },
      "faces": {
        "north": {
          "uv": [
            10.5,
            6,
            11.5,
            7
          ],
          "texture": "#0"
        },
        "east": {
          "uv": [
            2,
            13,
            2.5,
            14
          ],
          "texture": "#0"
        },
        "south": {
          "uv": [
            10.5,
            9,
            11.5,
            10
          ],
          "texture": "#0"
        },
        "west": {
          "uv": [
            2.5,
            13,
            3,
            14
          ],
          "texture": "#0"
        },
        "up": {
          "uv": [
            14,
            2.5,
            13,
            2
          ],
          "texture": "#0"
        },
        "down": {
          "uv": [
            14,
            3,
            13,
            3.5
          ],
          "texture": "#0"
        }
      }
    },
    {
      "from": [
        16.25,
        17.25,
        7.75
      ],
      "to": [
        18.25,
        19.25,
        8.25
      ],
      "rotation": {
        "angle": 45,
        "axis": "z",
        "origin": [
          0,
          5,
          0
        ]
      },
      "faces": {
        "north": {
          "uv": [
            10.5,
            10,
            11.5,
            11
          ],
          "texture": "#0"
        },
        "east": {
          "uv": [
            3,
            13,
            3.5,
            14
          ],
          "texture": "#0"
        },
        "south": {
          "uv": [
            11,
            0,
            12,
            1
          ],
          "texture": "#0"
        },
        "west": {
          "uv": [
            13,
            3.5,
            13.5,
            4.5
          ],
          "texture": "#0"
        },
        "up": {
          "uv": [
            14,
            5,
            13,
            4.5
          ],
          "texture": "#0"
        },
        "down": {
          "uv": [
            14,
            5,
            13,
            5.5
          ],
          "texture": "#0"
        }
      }
    },
    {
      "from": [
        10,
        19,
        7.75
      ],
      "to": [
        11,
        31.25,
        8.25
      ],
      "rotation": {
        "angle": 0,
        "axis": "y",
        "origin": [
          0,
          5,
          0
        ]
      },
      "faces": {
        "north": {
          "uv": [
            4,
            8,
            4.5,
            14
          ],
          "texture": "#0"
        },
        "east": {
          "uv": [
            4.5,
            8,
            5,
            14
          ],
          "texture": "#0"
        },
        "south": {
          "uv": [
            5,
            8,
            5.5,
            14
          ],
          "texture": "#0"
        },
        "west": {
          "uv": [
            5.5,
            8,
            6,
            14
          ],
          "texture": "#0"
        },
        "up": {
          "uv": [
            14,
            12.5,
            13.5,
            12
          ],
          "texture": "#0"
        },
        "down": {
          "uv": [
            14,
            12.5,
            13.5,
            13
          ],
          "texture": "#0"
        }
      }
    },
    {
      "from": [
        9,
        19,
        7.75
      ],
      "to": [
        10,
        30.5,
        8.25
      ],
      "rotation": {
        "angle": 0,
        "axis": "y",
        "origin": [
          0,
          5,
          0
        ]
      },
      "faces": {
        "north": {
          "uv": [
            6,
            8,
            6.5,
            14
          ],
          "texture": "#0"
        },
        "east": {
          "uv": [
            8,
            6,
            8.5,
            12
          ],
          "texture": "#0"
        },
        "south": {
          "uv": [
            6.5,
            8,
            7,
            14
          ],
          "texture": "#0"
        },
        "west": {
          "uv": [
            7,
            8,
            7.5,
            14
          ],
          "texture": "#0"
        },
        "up": {
          "uv": [
            14,
            13.5,
            13.5,
            13
          ],
          "texture": "#0"
        },
        "down": {
          "uv": [
            14,
            13.5,
            13.5,
            14
          ],
          "texture": "#0"
        }
      }
    },
    {
      "from": [
        5.75,
        2,
        6.25
      ],
      "to": [
        6.25,
        5,
        7.25
      ],
      "faces": {
        "north": {
          "uv": [
            10.5,
            11,
            11,
            12.5
          ],
          "texture": "#0"
        },
        "east": {
          "uv": [
            11,
            11,
            11.5,
            12.5
          ],
          "texture": "#0"
        },
        "south": {
          "uv": [
            11.5,
            1,
            12,
            2.5
          ],
          "texture": "#0"
        },
        "west": {
          "uv": [
            1.5,
            11.5,
            2,
            13
          ],
          "texture": "#0"
        },
        "up": {
          "uv": [
            0.5,
            14.5,
            0,
            14
          ],
          "texture": "#0"
        },
        "down": {
          "uv": [
            14.5,
            0,
            14,
            0.5
          ],
          "texture": "#0"
        }
      }
    },
    {
      "from": [
        5.75,
        1,
        7.25
      ],
      "to": [
        6.25,
        2,
        8.75
      ],
      "faces": {
        "north": {
          "uv": [
            0.5,
            14,
            1,
            14.5
          ],
          "texture": "#0"
        },
        "east": {
          "uv": [
            13,
            5.5,
            14,
            6
          ],
          "texture": "#0"
        },
        "south": {
          "uv": [
            14,
            0.5,
            14.5,
            1
          ],
          "texture": "#0"
        },
        "west": {
          "uv": [
            13,
            6,
            14,
            6.5
          ],
          "texture": "#0"
        },
        "up": {
          "uv": [
            13.5,
            7.5,
            13,
            6.5
          ],
          "texture": "#0"
        },
        "down": {
          "uv": [
            13.5,
            7.5,
            13,
            8.5
          ],
          "texture": "#0"
        }
      }
    },
    {
      "from": [
        5.75,
        5,
        7.25
      ],
      "to": [
        6.25,
        6,
        8.75
      ],
      "faces": {
        "north": {
          "uv": [
            14,
            1,
            14.5,
            1.5
          ],
          "texture": "#0"
        },
        "east": {
          "uv": [
            8.5,
            13,
            9.5,
            13.5
          ],
          "texture": "#0"
        },
        "south": {
          "uv": [
            14,
            1.5,
            14.5,
            2
          ],
          "texture": "#0"
        },
        "west": {
          "uv": [
            13,
            8.5,
            14,
            9
          ],
          "texture": "#0"
        },
        "up": {
          "uv": [
            13.5,
            10,
            13,
            9
          ],
          "texture": "#0"
        },
        "down": {
          "uv": [
            13.5,
            10,
            13,
            11
          ],
          "texture": "#0"
        }
      }
    },
    {
      "from": [
        5.75,
        2,
        8.75
      ],
      "to": [
        6.25,
        5,
        9.75
      ],
      "faces": {
        "north": {
          "uv": [
            2,
            11.5,
            2.5,
            13
          ],
          "texture": "#0"
        },
        "east": {
          "uv": [
            2.5,
            11.5,
            3,
            13
          ],
          "texture": "#0"
        },
        "south": {
          "uv": [
            11.5,
            2.5,
            12,
            4
          ],
          "texture": "#0"
        },
        "west": {
          "uv": [
            3,
            11.5,
            3.5,
            13
          ],
          "texture": "#0"
        },
        "up": {
          "uv": [
            2.5,
            14.5,
            2,
            14
          ],
          "texture": "#0"
        },
        "down": {
          "uv": [
            14.5,
            2,
            14,
            2.5
          ],
          "texture": "#0"
        }
      }
    },
    {
      "from": [
        5.75,
        -0.25,
        7.25
      ],
      "to": [
        6.75,
        0.25,
        8.75
      ],
      "faces": {
        "north": {
          "uv": [
            2.5,
            14,
            3,
            14.5
          ],
          "texture": "#0"
        },
        "east": {
          "uv": [
            10.5,
            13,
            11.5,
            13.5
          ],
          "texture": "#0"
        },
        "south": {
          "uv": [
            3,
            14,
            3.5,
            14.5
          ],
          "texture": "#0"
        },
        "west": {
          "uv": [
            13,
            11,
            14,
            11.5
          ],
          "texture": "#0"
        },
        "up": {
          "uv": [
            13,
            14,
            12.5,
            13
          ],
          "texture": "#0"
        },
        "down": {
          "uv": [
            13.5,
            13,
            13,
            14
          ],
          "texture": "#0"
        }
      }
    },
    {
      "from": [
        6.75,
        -0.25,
        6.25
      ],
      "to": [
        9.75,
        0.25,
        7.25
      ],
      "faces": {
        "north": {
          "uv": [
            11.5,
            4,
            13,
            4.5
          ],
          "texture": "#0"
        },
        "east": {
          "uv": [
            14,
            3,
            14.5,
            3.5
          ],
          "texture": "#0"
        },
        "south": {
          "uv": [
            11.5,
            4.5,
            13,
            5
          ],
          "texture": "#0"
        },
        "west": {
          "uv": [
            14,
            3.5,
            14.5,
            4
          ],
          "texture": "#0"
        },
        "up": {
          "uv": [
            13,
            5.5,
            11.5,
            5
          ],
          "texture": "#0"
        },
        "down": {
          "uv": [
            13,
            5.5,
            11.5,
            6
          ],
          "texture": "#0"
        }
      }
    },
    {
      "from": [
        6.75,
        -0.25,
        8.75
      ],
      "to": [
        9.75,
        0.25,
        9.75
      ],
      "faces": {
        "north": {
          "uv": [
            11.5,
            6,
            13,
            6.5
          ],
          "texture": "#0"
        },
        "east": {
          "uv": [
            4,
            14,
            4.5,
            14.5
          ],
          "texture": "#0"
        },
        "south": {
          "uv": [
            11.5,
            6.5,
            13,
            7
          ],
          "texture": "#0"
        },
        "west": {
          "uv": [
            14,
            4,
            14.5,
            4.5
          ],
          "texture": "#0"
        },
        "up": {
          "uv": [
            13,
            7.5,
            11.5,
            7
          ],
          "texture": "#0"
        },
        "down": {
          "uv": [
            13,
            7.5,
            11.5,
            8
          ],
          "texture": "#0"
        }
      }
    },
    {
      "from": [
        9.75,
        -0.25,
        7.25
      ],
      "to": [
        10.75,
        0.25,
        8.75
      ],
      "faces": {
        "north": {
          "uv": [
            4.5,
            14,
            5,
            14.5
          ],
          "texture": "#0"
        },
        "east": {
          "uv": [
            13,
            11.5,
            14,
            12
          ],
          "texture": "#0"
        },
        "south": {
          "uv": [
            14,
            4.5,
            14.5,
            5
          ],
          "texture": "#0"
        },
        "west": {
          "uv": [
            0,
            13.5,
            1,
            14
          ],
          "texture": "#0"
        },
        "up": {
          "uv": [
            1.5,
            14.5,
            1,
            13.5
          ],
          "texture": "#0"
        },
        "down": {
          "uv": [
            2,
            13.5,
            1.5,
            14.5
          ],
          "texture": "#0"
        }
      }
    },
    {
      "from": [
        9.75,
        -1.75,
        7.75
      ],
      "to": [
        12.75,
        -0.75,
        8.25
      ],
      "faces": {
        "north": {
          "uv": [
            11.5,
            8,
            13,
            8.5
          ],
          "texture": "#0"
        },
        "east": {
          "uv": [
            5,
            14,
            5.5,
            14.5
          ],
          "texture": "#0"
        },
        "south": {
          "uv": [
            11.5,
            8.5,
            13,
            9
          ],
          "texture": "#0"
        },
        "west": {
          "uv": [
            14,
            5,
            14.5,
            5.5
          ],
          "texture": "#0"
        },
        "up": {
          "uv": [
            13,
            9.5,
            11.5,
            9
          ],
          "texture": "#0"
        },
        "down": {
          "uv": [
            13,
            9.5,
            11.5,
            10
          ],
          "texture": "#0"
        }
      }
    },
    {
      "from": [
        12.75,
        -0.75,
        7.75
      ],
      "to": [
        13.75,
        0.75,
        8.25
      ],
      "faces": {
        "north": {
          "uv": [
            3.5,
            13.5,
            4,
            14.5
          ],
          "texture": "#0"
        },
        "east": {
          "uv": [
            13.5,
            3.5,
            14,
            4.5
          ],
          "texture": "#0"
        },
        "south": {
          "uv": [
            13.5,
            6.5,
            14,
            7.5
          ],
          "texture": "#0"
        },
        "west": {
          "uv": [
            7.5,
            13.5,
            8,
            14.5
          ],
          "texture": "#0"
        },
        "up": {
          "uv": [
            6,
            14.5,
            5.5,
            14
          ],
          "texture": "#0"
        },
        "down": {
          "uv": [
            14.5,
            5.5,
            14,
            6
          ],
          "texture": "#0"
        }
      }
    },
    {
      "from": [
        9.75,
        0.75,
        7.75
      ],
      "to": [
        12.75,
        1.75,
        8.25
      ],
      "faces": {
        "north": {
          "uv": [
            11.5,
            10,
            13,
            10.5
          ],
          "texture": "#0"
        },
        "east": {
          "uv": [
            6,
            14,
            6.5,
            14.5
          ],
          "texture": "#0"
        },
        "south": {
          "uv": [
            11.5,
            10.5,
            13,
            11
          ],
          "texture": "#0"
        },
        "west": {
          "uv": [
            14,
            6,
            14.5,
            6.5
          ],
          "texture": "#0"
        },
        "up": {
          "uv": [
            13,
            11.5,
            11.5,
            11
          ],
          "texture": "#0"
        },
        "down": {
          "uv": [
            13,
            11.5,
            11.5,
            12
          ],
          "texture": "#0"
        }
      }
    },
    {
      "from": [
        8.75,
        -0.75,
        7.75
      ],
      "to": [
        9.75,
        0.75,
        8.25
      ],
      "faces": {
        "north": {
          "uv": [
            13.5,
            7.5,
            14,
            8.5
          ],
          "texture": "#0"
        },
        "east": {
          "uv": [
            8,
            13.5,
            8.5,
            14.5
          ],
          "texture": "#0"
        },
        "south": {
          "uv": [
            8.5,
            13.5,
            9,
            14.5
          ],
          "texture": "#0"
        },
        "west": {
          "uv": [
            9,
            13.5,
            9.5,
            14.5
          ],
          "texture": "#0"
        },
        "up": {
          "uv": [
            7,
            14.5,
            6.5,
            14
          ],
          "texture": "#0"
        },
        "down": {
          "uv": [
            14.5,
            6.5,
            14,
            7
          ],
          "texture": "#0"
        }
      }
    },
    {
      "from": [
        6.75,
        -1,
        7.75
      ],
      "to": [
        7.75,
        2,
        8.25
      ],
      "faces": {
        "north": {
          "uv": [
            12,
            0,
            12.5,
            1.5
          ],
          "texture": "#0"
        },
        "east": {
          "uv": [
            12,
            1.5,
            12.5,
            3
          ],
          "texture": "#0"
        },
        "south": {
          "uv": [
            8,
            12,
            8.5,
            13.5
          ],
          "texture": "#0"
        },
        "west": {
          "uv": [
            9.5,
            12,
            10,
            13.5
          ],
          "texture": "#0"
        },
        "up": {
          "uv": [
            7.5,
            14.5,
            7,
            14
          ],
          "texture": "#0"
        },
        "down": {
          "uv": [
            14.5,
            7,
            14,
            7.5
          ],
          "texture": "#0"
        }
      }
    },
    {
      "from": [
        5.25,
        -2,
        7.75
      ],
      "to": [
        6.75,
        -1,
        8.25
      ],
      "faces": {
        "north": {
          "uv": [
            13.5,
            2.5,
            14.5,
            3
          ],
          "texture": "#0"
        },
        "east": {
          "uv": [
            14,
            7.5,
            14.5,
            8
          ],
          "texture": "#0"
        },
        "south": {
          "uv": [
            13.5,
            9,
            14.5,
            9.5
          ],
          "texture": "#0"
        },
        "west": {
          "uv": [
            14,
            8,
            14.5,
            8.5
          ],
          "texture": "#0"
        },
        "up": {
          "uv": [
            10.5,
            14,
            9.5,
            13.5
          ],
          "texture": "#0"
        },
        "down": {
          "uv": [
            14.5,
            9.5,
            13.5,
            10
          ],
          "texture": "#0"
        }
      }
    },
    {
      "from": [
        4.25,
        -1,
        7.75
      ],
      "to": [
        5.25,
        2,
        8.25
      ],
      "faces": {
        "north": {
          "uv": [
            10,
            12,
            10.5,
            13.5
          ],
          "texture": "#0"
        },
        "east": {
          "uv": [
            11.5,
            12,
            12,
            13.5
          ],
          "texture": "#0"
        },
        "south": {
          "uv": [
            12,
            12,
            12.5,
            13.5
          ],
          "texture": "#0"
        },
        "west": {
          "uv": [
            12.5,
            0,
            13,
            1.5
          ],
          "texture": "#0"
        },
        "up": {
          "uv": [
            14.5,
            9,
            14,
            8.5
          ],
          "texture": "#0"
        },
        "down": {
          "uv": [
            10,
            14,
            9.5,
            14.5
          ],
          "texture": "#0"
        }
      }
    },
    {
      "from": [
        5.25,
        2,
        7.75
      ],
      "to": [
        6.75,
        3,
        8.25
      ],
      "faces": {
        "north": {
          "uv": [
            13.5,
            10,
            14.5,
            10.5
          ],
          "texture": "#0"
        },
        "east": {
          "uv": [
            10,
            14,
            10.5,
            14.5
          ],
          "texture": "#0"
        },
        "south": {
          "uv": [
            10.5,
            13.5,
            11.5,
            14
          ],
          "texture": "#0"
        },
        "west": {
          "uv": [
            10.5,
            14,
            11,
            14.5
          ],
          "texture": "#0"
        },
        "up": {
          "uv": [
            14.5,
            11,
            13.5,
            10.5
          ],
          "texture": "#0"
        },
        "down": {
          "uv": [
            12.5,
            13.5,
            11.5,
            14
          ],
          "texture": "#0"
        }
      }
    }
  ],
  "display": {
    "thirdperson_righthand": {
      "rotation": [
        0,
        90,
        0
      ],
      "translation": [
        0,
        -7.75,
        -1.75
      ],
      "scale": [
        0.9,
        0.9,
        0.9
      ]
    },
    "thirdperson_lefthand": {
      "rotation": [
        0,
        90,
        180
      ],
      "translation": [
        0,
        3.5,
        -1.5
      ],
      "scale": [
        0.9,
        0.9,
        0.9
      ]
    },
    "firstperson_righthand": {
      "rotation": [
        0,
        17,
        30
      ],
      "translation": [
        8.75,
        -6.5,
        0
      ],
      "scale": [
        0.9,
        0.9,
        0.9
      ]
    },
    "firstperson_lefthand": {
      "rotation": [
        164,
        180,
        0
      ],
      "translation": [
        7.25,
        -2.5,
        0
      ],
      "scale": [
        0.9,
        0.9,
        0.9
      ]
    },
    "ground": {
      "rotation": [
        90,
        0,
        0
      ],
      "translation": [
        0,
        -1.25,
        0
      ],
      "scale": [
        0.9,
        0.9,
        0.9
      ]
    },
    "gui": {
      "rotation": [
        36,
        13,
        32
      ],
      "translation": [
        2.25,
        -2.75,
        0
      ],
      "scale": [
        0.6,
        0.6,
        0.6
      ]
    },
    "head": {
      "translation": [
        0.5,
        2.75,
        0
      ]
    },
    "fixed": {
      "translation": [
        2,
        -3.75,
        0
      ],
      "scale": [
        0.9,
        0.9,
        0.9
      ]
    }
  },
  "groups": [
    {
      "name": "group",
      "origin": [
        8,
        8,
        8
      ],
      "color": 0,
      "children": [
        0,
        1,
        2,
        3,
        4,
        5,
        6,
        7,
        8,
        9,
        10,
        11,
        12,
        13,
        14,
        15,
        16,
        17,
        18,
        19,
        20,
        21,
        22,
        23,
        24,
        25,
        26,
        27,
        28,
        29,
        30
      ]
    }
  ]
}