{
	"format_version": "1.12.0",
	"minecraft:geometry": [
		{
			"description": {
				"identifier": "geometry.unknown",
				"texture_width": 64,
				"texture_height": 64,
				"visible_bounds_width": 5,
				"visible_bounds_height": 3.5,
				"visible_bounds_offset": [0, 1.25, 0]
			},
			"bones": [
				{
					"name": "Head",
					"pivot": [-0.00063, 24.05088, -0.06425],
					"rotation": [0.00286, 0.49966, 0.21778],
					"cubes": [
						{"origin": [-3.91806, 24.08583, -4.11002], "size": [8, 8, 8], "inflate": 0.5, "uv": [32, 0]},
						{"origin": [-4.04405, 24.05089, -4.14496], "size": [8.1608, 8.1608, 8.1608], "uv": [0, 0]}
					]
				},
				{
					"name": "chapeau_eliatrope",
					"parent": "Head",
					"pivot": [-0.00063, 24.05088, -0.06425]
				},
				{
					"name": "premier",
					"parent": "chapeau_eliatrope",
					"pivot": [0.02689, 31.39842, 4.15003],
					"rotation": [-52.5, 0, 0],
					"cubes": [
						{"origin": [-3.50067, 24.74754, 2.72789], "size": [7.0637, 7.0637, 7.0637], "uv": [0, 1]}
					]
				},
				{
					"name": "deuxieme",
					"parent": "premier",
					"pivot": [0.03728, 30.73129, 10.41378],
					"rotation": [-30, 0, 0],
					"cubes": [
						{"origin": [-3.24734, 24.38638, 9.16936], "size": [6.56924, 6.56924, 6.56924], "uv": [0, 19]}
					]
				},
				{
					"name": "troisieme",
					"parent": "deuxieme",
					"pivot": [0.04353, 30.12077, 16.24056],
					"rotation": [-2.5, 0, 0],
					"cubes": [
						{"origin": [-3.00219, 23.91019, 13.85571], "size": [6, 6, 6], "uv": [0, 42]}
					]
				},
				{
					"name": "froufrou",
					"parent": "troisieme",
					"pivot": [0.04353, 26.67162, 20.21895],
					"rotation": [95, 0, 0],
					"cubes": [
						{"origin": [-2.28472, 21.97363, 18.20767], "size": [5, 5, 5], "uv": [44, 34], "mirror": true}
					]
				},
				{
					"name": "oreilR",
					"parent": "chapeau_eliatrope",
					"pivot": [3.81523, 32.16088, 2.49979],
					"rotation": [-68.99213, 53.78293, -17.82397],
					"cubes": [
						{"origin": [2.79513, 30.47751, 1.12266], "size": [3.0603, 3.0603, 3.26432], "uv": [10, 1]},
						{"origin": [2.67272, 29.74303, 0.9574], "size": [3.42754, 3.0195, 3.65604], "uv": [9, 0]},
						{"origin": [3.02655, 30.87775, 1.43507], "size": [2.59746, 3.54055, 2.63951], "uv": [2, 0]},
						{"origin": [3.20006, 32.88773, 1.66931], "size": [2.25046, 2.16293, 2.17103], "uv": [24, 10]}
					]
				},
				{
					"name": "oreilL",
					"parent": "chapeau_eliatrope",
					"pivot": [-3.8165, 32.16088, 2.49979],
					"rotation": [-68.99213, -53.78293, 17.82397],
					"cubes": [
						{"origin": [-5.8567, 30.47751, 1.12266], "size": [3.0603, 3.0603, 3.26432], "uv": [10, 2], "mirror": true},
						{"origin": [-6.10152, 29.74303, 0.9574], "size": [3.42753, 3.0195, 3.65604], "uv": [9, 1], "mirror": true},
						{"origin": [-5.62528, 30.87775, 1.43507], "size": [2.59747, 3.54055, 2.63951], "uv": [2, 0], "mirror": true},
						{"origin": [-5.45177, 32.88773, 1.66931], "size": [2.25045, 2.16293, 2.17103], "uv": [24, 10], "mirror": true}
					]
				},
				{
					"name": "Body",
					"pivot": [0, 24.04514, -0.02848],
					"cubes": [
						{"origin": [-4.04, 11.92514, -2.04848], "size": [8.08, 12.12, 4.04], "uv": [26, 48]},
						{"origin": [-4.0425, 11.92264, -2.05098], "size": [8.085, 12.125, 4.045], "inflate": 0.25, "uv": [28, 48]}
					]
				},
				{
					"name": "RightArm",
					"pivot": [-5.05, 22.02514, -0.02848],
					"cubes": [
						{"origin": [-8.08, 11.92514, -2.04848], "size": [4.04, 12.12, 4.04], "uv": [29, 48]},
						{"origin": [-8.0825, 11.92264, -2.05098], "size": [4.045, 12.125, 4.045], "inflate": 0.25, "uv": [36, 48]}
					]
				},
				{
					"name": "Selected_Item",
					"parent": "RightArm",
					"pivot": [-5.05, 22.02514, -0.02848]
				},
				{
					"name": "LeftArm",
					"pivot": [5.05, 22.02514, -0.02848],
					"rotation": [-0.5, 0, 0],
					"cubes": [
						{"origin": [4.04, 11.92514, -2.04848], "size": [4.04, 12.12, 4.04], "uv": [32, 48]},
						{"origin": [4.0375, 11.92264, -2.05098], "size": [4.045, 12.125, 4.045], "inflate": 0.25, "uv": [37, 48]}
					]
				},
				{
					"name": "Item_Offhand",
					"parent": "LeftArm",
					"pivot": [5.05, 22.02514, -0.02848]
				},
				{
					"name": "RightLeg",
					"pivot": [-1.919, 11.92514, -0.02848],
					"rotation": [-0.5, 0, 2],
					"cubes": [
						{"origin": [-3.939, -0.19486, -2.04848], "size": [4.04, 12.12, 4.04], "uv": [28, 48]},
						{"origin": [-3.9415, -0.19736, -2.05098], "size": [4.045, 12.125, 4.045], "inflate": 0.25, "uv": [31, 48]}
					]
				},
				{
					"name": "LeftLeg",
					"pivot": [1.919, 11.92514, -0.02848],
					"rotation": [0, 0, -2],
					"cubes": [
						{"origin": [-0.101, -0.19486, -2.04848], "size": [4.04, 12.12, 4.04], "uv": [35, 48]},
						{"origin": [-0.1035, -0.19736, -2.05098], "size": [4.045, 12.125, 4.045], "inflate": 0.25, "uv": [33, 48]}
					]
				}
			]
		}
	]
}